"Código Departamento";"Nombre Departamento";"Código Municipio";"Nombre Municipio"
"05";"ANTIOQUIA";"001";"MEDELLIN"
"05";"ANTIOQUIA";"002";"ABEJORRAL"
"05";"ANTIOQUIA";"004";"ABRIAQUI"
"05";"ANTIOQUIA";"021";"ALEJANDRIA"
"05";"ANTIOQUIA";"030";"AMAGA"
"05";"ANTIOQUIA";"031";"AMALFI"
"05";"ANTIOQUIA";"034";"ANDES"
"05";"ANTIOQUIA";"036";"ANGELOPOLIS"
"05";"ANTIOQUIA";"038";"ANGOSTURA"
"05";"ANTIOQUIA";"040";"ANORI"
"05";"ANTIOQUIA";"042";"SANTAFE DE ANTIOQUIA"
"05";"ANTIOQUIA";"044";"ANZA"
"05";"ANTIOQUIA";"045";"APARTADO"
"05";"ANTIOQUIA";"051";"ARBOLETES"
"05";"ANTIOQUIA";"055";"ARGELIA"
"05";"ANTIOQUIA";"059";"ARMENIA"
"05";"ANTIOQUIA";"079";"BARBOSA"
"05";"ANTIOQUIA";"086";"BELMIRA"
"05";"ANTIOQUIA";"088";"BELLO"
"05";"ANTIOQUIA";"091";"BETANIA"
"05";"ANTIOQUIA";"093";"BETULIA"
"05";"ANTIOQUIA";"101";"CIUDAD BOLIVAR"
"05";"ANTIOQUIA";"107";"BRICEÑO"
"05";"ANTIOQUIA";"113";"BURITICA"
"05";"ANTIOQUIA";"120";"CACERES"
"05";"ANTIOQUIA";"125";"CAICEDO"
"05";"ANTIOQUIA";"129";"CALDAS"
"05";"ANTIOQUIA";"134";"CAMPAMENTO"
"05";"ANTIOQUIA";"138";"CAÑASGORDAS"
"05";"ANTIOQUIA";"142";"CARACOLI"
"05";"ANTIOQUIA";"145";"CARAMANTA"
"05";"ANTIOQUIA";"147";"CAREPA"
"05";"ANTIOQUIA";"148";"EL CARMEN DE VIBORAL"
"05";"ANTIOQUIA";"150";"CAROLINA"
"05";"ANTIOQUIA";"154";"CAUCASIA"
"05";"ANTIOQUIA";"172";"CHIGORODO"
"05";"ANTIOQUIA";"190";"CISNEROS"
"05";"ANTIOQUIA";"197";"COCORNA"
"05";"ANTIOQUIA";"206";"CONCEPCION"
"05";"ANTIOQUIA";"209";"CONCORDIA"
"05";"ANTIOQUIA";"212";"COPACABANA"
"05";"ANTIOQUIA";"234";"DABEIBA"
"05";"ANTIOQUIA";"237";"DON MATIAS"
"05";"ANTIOQUIA";"240";"EBEJICO"
"05";"ANTIOQUIA";"250";"EL BAGRE"
"05";"ANTIOQUIA";"264";"ENTRERRIOS"
"05";"ANTIOQUIA";"266";"ENVIGADO"
"05";"ANTIOQUIA";"282";"FREDONIA"
"05";"ANTIOQUIA";"284";"FRONTINO"
"05";"ANTIOQUIA";"306";"GIRALDO"
"05";"ANTIOQUIA";"308";"GIRARDOTA"
"05";"ANTIOQUIA";"310";"GOMEZ PLATA"
"05";"ANTIOQUIA";"313";"GRANADA"
"05";"ANTIOQUIA";"315";"GUADALUPE"
"05";"ANTIOQUIA";"318";"GUARNE"
"05";"ANTIOQUIA";"321";"GUATAPE"
"05";"ANTIOQUIA";"347";"HELICONIA"
"05";"ANTIOQUIA";"353";"HISPANIA"
"05";"ANTIOQUIA";"360";"ITAGUI"
"05";"ANTIOQUIA";"361";"ITUANGO"
"05";"ANTIOQUIA";"364";"JARDIN"
"05";"ANTIOQUIA";"368";"JERICO"
"05";"ANTIOQUIA";"376";"LA CEJA"
"05";"ANTIOQUIA";"380";"LA ESTRELLA"
"05";"ANTIOQUIA";"390";"LA PINTADA"
"05";"ANTIOQUIA";"400";"LA UNION"
"05";"ANTIOQUIA";"411";"LIBORINA"
"05";"ANTIOQUIA";"425";"MACEO"
"05";"ANTIOQUIA";"440";"MARINILLA"
"05";"ANTIOQUIA";"467";"MONTEBELLO"
"05";"ANTIOQUIA";"475";"MURINDO"
"05";"ANTIOQUIA";"480";"MUTATA"
"05";"ANTIOQUIA";"483";"NARIÑO"
"05";"ANTIOQUIA";"490";"NECOCLI"
"05";"ANTIOQUIA";"495";"NECHI"
"05";"ANTIOQUIA";"501";"OLAYA"
"05";"ANTIOQUIA";"541";"PEÐOL"
"05";"ANTIOQUIA";"543";"PEQUE"
"05";"ANTIOQUIA";"576";"PUEBLORRICO"
"05";"ANTIOQUIA";"579";"PUERTO BERRIO"
"05";"ANTIOQUIA";"585";"PUERTO NARE"
"05";"ANTIOQUIA";"591";"PUERTO TRIUNFO"
"05";"ANTIOQUIA";"604";"REMEDIOS"
"05";"ANTIOQUIA";"607";"RETIRO"
"05";"ANTIOQUIA";"615";"RIONEGRO"
"05";"ANTIOQUIA";"628";"SABANALARGA"
"05";"ANTIOQUIA";"631";"SABANETA"
"05";"ANTIOQUIA";"642";"SALGAR"
"05";"ANTIOQUIA";"647";"SAN ANDRES DE CUERQUIA"
"05";"ANTIOQUIA";"649";"SAN CARLOS"
"05";"ANTIOQUIA";"652";"SAN FRANCISCO"
"05";"ANTIOQUIA";"656";"SAN JERONIMO"
"05";"ANTIOQUIA";"658";"SAN JOSE DE LA MONTAÑA"
"05";"ANTIOQUIA";"659";"SAN JUAN DE URABA"
"05";"ANTIOQUIA";"660";"SAN LUIS"
"05";"ANTIOQUIA";"664";"SAN PEDRO"
"05";"ANTIOQUIA";"665";"SAN PEDRO DE URABA"
"05";"ANTIOQUIA";"667";"SAN RAFAEL"
"05";"ANTIOQUIA";"670";"SAN ROQUE"
"05";"ANTIOQUIA";"674";"SAN VICENTE"
"05";"ANTIOQUIA";"679";"SANTA BARBARA"
"05";"ANTIOQUIA";"686";"SANTA ROSA DE OSOS"
"05";"ANTIOQUIA";"690";"SANTO DOMINGO"
"05";"ANTIOQUIA";"697";"EL SANTUARIO"
"05";"ANTIOQUIA";"736";"SEGOVIA"
"05";"ANTIOQUIA";"756";"SONSON"
"05";"ANTIOQUIA";"761";"SOPETRAN"
"05";"ANTIOQUIA";"789";"TAMESIS"
"05";"ANTIOQUIA";"790";"TARAZA"
"05";"ANTIOQUIA";"792";"TARSO"
"05";"ANTIOQUIA";"809";"TITIRIBI"
"05";"ANTIOQUIA";"819";"TOLEDO"
"05";"ANTIOQUIA";"837";"TURBO"
"05";"ANTIOQUIA";"842";"URAMITA"
"05";"ANTIOQUIA";"847";"URRAO"
"05";"ANTIOQUIA";"854";"VALDIVIA"
"05";"ANTIOQUIA";"856";"VALPARAISO"
"05";"ANTIOQUIA";"858";"VEGACHI"
"05";"ANTIOQUIA";"861";"VENECIA"
"05";"ANTIOQUIA";"873";"VIGIA DEL FUERTE"
"05";"ANTIOQUIA";"885";"YALI"
"05";"ANTIOQUIA";"887";"YARUMAL"
"05";"ANTIOQUIA";"890";"YOLOMBO"
"05";"ANTIOQUIA";"893";"YONDO"
"05";"ANTIOQUIA";"895";"ZARAGOZA"
"08";"ATLANTICO";"001";"BARRANQUILLA"
"08";"ATLANTICO";"078";"BARANOA"
"08";"ATLANTICO";"137";"CAMPO DE LA CRUZ"
"08";"ATLANTICO";"141";"CANDELARIA"
"08";"ATLANTICO";"296";"GALAPA"
"08";"ATLANTICO";"372";"JUAN DE ACOSTA"
"08";"ATLANTICO";"421";"LURUACO"
"08";"ATLANTICO";"433";"MALAMBO"
"08";"ATLANTICO";"436";"MANATI"
"08";"ATLANTICO";"520";"PALMAR DE VARELA"
"08";"ATLANTICO";"549";"PIOJO"
"08";"ATLANTICO";"558";"POLONUEVO"
"08";"ATLANTICO";"560";"PONEDERA"
"08";"ATLANTICO";"573";"PUERTO COLOMBIA"
"08";"ATLANTICO";"606";"REPELON"
"08";"ATLANTICO";"634";"SABANAGRANDE"
"08";"ATLANTICO";"638";"SABANALARGA"
"08";"ATLANTICO";"675";"SANTA LUCIA"
"08";"ATLANTICO";"685";"SANTO TOMAS"
"08";"ATLANTICO";"758";"SOLEDAD"
"08";"ATLANTICO";"770";"SUAN"
"08";"ATLANTICO";"832";"TUBARA"
"08";"ATLANTICO";"849";"USIACURI"
"11";"BOGOTA";"001";"BOGOTA, D.C."
"13";"BOLIVAR";"001";"CARTAGENA"
"13";"BOLIVAR";"006";"ACHI"
"13";"BOLIVAR";"030";"ALTOS DEL ROSARIO"
"13";"BOLIVAR";"042";"ARENAL"
"13";"BOLIVAR";"052";"ARJONA"
"13";"BOLIVAR";"062";"ARROYOHONDO"
"13";"BOLIVAR";"074";"BARRANCO DE LOBA"
"13";"BOLIVAR";"140";"CALAMAR"
"13";"BOLIVAR";"160";"CANTAGALLO"
"13";"BOLIVAR";"188";"CICUCO"
"13";"BOLIVAR";"212";"CORDOBA"
"13";"BOLIVAR";"222";"CLEMENCIA"
"13";"BOLIVAR";"244";"EL CARMEN DE BOLIVAR"
"13";"BOLIVAR";"248";"EL GUAMO"
"13";"BOLIVAR";"268";"EL PEÑON"
"13";"BOLIVAR";"300";"HATILLO DE LOBA"
"13";"BOLIVAR";"430";"MAGANGUE"
"13";"BOLIVAR";"433";"MAHATES"
"13";"BOLIVAR";"440";"MARGARITA"
"13";"BOLIVAR";"442";"MARIA LA BAJA"
"13";"BOLIVAR";"458";"MONTECRISTO"
"13";"BOLIVAR";"468";"MOMPOS"
"13";"BOLIVAR";"490";"NOROSI"
"13";"BOLIVAR";"473";"MORALES"
"13";"BOLIVAR";"549";"PINILLOS"
"13";"BOLIVAR";"580";"REGIDOR"
"13";"BOLIVAR";"600";"RIO VIEJO"
"13";"BOLIVAR";"620";"SAN CRISTOBAL"
"13";"BOLIVAR";"647";"SAN ESTANISLAO"
"13";"BOLIVAR";"650";"SAN FERNANDO"
"13";"BOLIVAR";"654";"SAN JACINTO"
"13";"BOLIVAR";"655";"SAN JACINTO DEL CAUCA"
"13";"BOLIVAR";"657";"SAN JUAN NEPOMUCENO"
"13";"BOLIVAR";"667";"SAN MARTIN DE LOBA"
"13";"BOLIVAR";"670";"SAN PABLO"
"13";"BOLIVAR";"673";"SANTA CATALINA"
"13";"BOLIVAR";"683";"SANTA ROSA"
"13";"BOLIVAR";"688";"SANTA ROSA DEL SUR"
"13";"BOLIVAR";"744";"SIMITI"
"13";"BOLIVAR";"760";"SOPLAVIENTO"
"13";"BOLIVAR";"780";"TALAIGUA NUEVO"
"13";"BOLIVAR";"810";"TIQUISIO"
"13";"BOLIVAR";"836";"TURBACO"
"13";"BOLIVAR";"838";"TURBANA"
"13";"BOLIVAR";"873";"VILLANUEVA"
"13";"BOLIVAR";"894";"ZAMBRANO"
"15";"BOYACA";"001";"TUNJA"
"15";"BOYACA";"022";"ALMEIDA"
"15";"BOYACA";"047";"AQUITANIA"
"15";"BOYACA";"051";"ARCABUCO"
"15";"BOYACA";"087";"BELEN"
"15";"BOYACA";"090";"BERBEO"
"15";"BOYACA";"092";"BETEITIVA"
"15";"BOYACA";"097";"BOAVITA"
"15";"BOYACA";"104";"BOYACA"
"15";"BOYACA";"106";"BRICEÑO"
"15";"BOYACA";"109";"BUENAVISTA"
"15";"BOYACA";"114";"BUSBANZA"
"15";"BOYACA";"131";"CALDAS"
"15";"BOYACA";"135";"CAMPOHERMOSO"
"15";"BOYACA";"162";"CERINZA"
"15";"BOYACA";"172";"CHINAVITA"
"15";"BOYACA";"176";"CHIQUINQUIRA"
"15";"BOYACA";"180";"CHISCAS"
"15";"BOYACA";"183";"CHITA"
"15";"BOYACA";"185";"CHITARAQUE"
"15";"BOYACA";"187";"CHIVATA"
"15";"BOYACA";"189";"CIENEGA"
"15";"BOYACA";"204";"COMBITA"
"15";"BOYACA";"212";"COPER"
"15";"BOYACA";"215";"CORRALES"
"15";"BOYACA";"218";"COVARACHIA"
"15";"BOYACA";"223";"CUBARA"
"15";"BOYACA";"224";"CUCAITA"
"15";"BOYACA";"226";"CUITIVA"
"15";"BOYACA";"232";"CHIQUIZA"
"15";"BOYACA";"236";"CHIVOR"
"15";"BOYACA";"238";"DUITAMA"
"15";"BOYACA";"244";"EL COCUY"
"15";"BOYACA";"248";"EL ESPINO"
"15";"BOYACA";"272";"FIRAVITOBA"
"15";"BOYACA";"276";"FLORESTA"
"15";"BOYACA";"293";"GACHANTIVA"
"15";"BOYACA";"296";"GAMEZA"
"15";"BOYACA";"299";"GARAGOA"
"15";"BOYACA";"317";"GUACAMAYAS"
"15";"BOYACA";"322";"GUATEQUE"
"15";"BOYACA";"325";"GUAYATA"
"15";"BOYACA";"332";"GsICAN"
"15";"BOYACA";"362";"IZA"
"15";"BOYACA";"367";"JENESANO"
"15";"BOYACA";"368";"JERICO"
"15";"BOYACA";"377";"LABRANZAGRANDE"
"15";"BOYACA";"380";"LA CAPILLA"
"15";"BOYACA";"401";"LA VICTORIA"
"15";"BOYACA";"403";"LA UVITA"
"15";"BOYACA";"407";"VILLA DE LEYVA"
"15";"BOYACA";"425";"MACANAL"
"15";"BOYACA";"442";"MARIPI"
"15";"BOYACA";"455";"MIRAFLORES"
"15";"BOYACA";"464";"MONGUA"
"15";"BOYACA";"466";"MONGUI"
"15";"BOYACA";"469";"MONIQUIRA"
"15";"BOYACA";"476";"MOTAVITA"
"15";"BOYACA";"480";"MUZO"
"15";"BOYACA";"491";"NOBSA"
"15";"BOYACA";"494";"NUEVO COLON"
"15";"BOYACA";"500";"OICATA"
"15";"BOYACA";"507";"OTANCHE"
"15";"BOYACA";"511";"PACHAVITA"
"15";"BOYACA";"514";"PAEZ"
"15";"BOYACA";"516";"PAIPA"
"15";"BOYACA";"518";"PAJARITO"
"15";"BOYACA";"522";"PANQUEBA"
"15";"BOYACA";"531";"PAUNA"
"15";"BOYACA";"533";"PAYA"
"15";"BOYACA";"537";"PAZ DE RIO"
"15";"BOYACA";"542";"PESCA"
"15";"BOYACA";"550";"PISBA"
"15";"BOYACA";"572";"PUERTO BOYACA"
"15";"BOYACA";"580";"QUIPAMA"
"15";"BOYACA";"599";"RAMIRIQUI"
"15";"BOYACA";"600";"RAQUIRA"
"15";"BOYACA";"621";"RONDON"
"15";"BOYACA";"632";"SABOYA"
"15";"BOYACA";"638";"SACHICA"
"15";"BOYACA";"646";"SAMACA"
"15";"BOYACA";"660";"SAN EDUARDO"
"15";"BOYACA";"664";"SAN JOSE DE PARE"
"15";"BOYACA";"667";"SAN LUIS DE GACENO"
"15";"BOYACA";"673";"SAN MATEO"
"15";"BOYACA";"676";"SAN MIGUEL DE SEMA"
"15";"BOYACA";"681";"SAN PABLO DE BORBUR"
"15";"BOYACA";"686";"SANTANA"
"15";"BOYACA";"690";"SANTA MARIA"
"15";"BOYACA";"693";"SANTA ROSA DE VITERBO"
"15";"BOYACA";"696";"SANTA SOFIA"
"15";"BOYACA";"720";"SATIVANORTE"
"15";"BOYACA";"723";"SATIVASUR"
"15";"BOYACA";"740";"SIACHOQUE"
"15";"BOYACA";"753";"SOATA"
"15";"BOYACA";"755";"SOCOTA"
"15";"BOYACA";"757";"SOCHA"
"15";"BOYACA";"759";"SOGAMOSO"
"15";"BOYACA";"761";"SOMONDOCO"
"15";"BOYACA";"762";"SORA"
"15";"BOYACA";"763";"SOTAQUIRA"
"15";"BOYACA";"764";"SORACA"
"15";"BOYACA";"774";"SUSACON"
"15";"BOYACA";"776";"SUTAMARCHAN"
"15";"BOYACA";"778";"SUTATENZA"
"15";"BOYACA";"790";"TASCO"
"15";"BOYACA";"798";"TENZA"
"15";"BOYACA";"804";"TIBANA"
"15";"BOYACA";"806";"TIBASOSA"
"15";"BOYACA";"808";"TINJACA"
"15";"BOYACA";"810";"TIPACOQUE"
"15";"BOYACA";"814";"TOCA"
"15";"BOYACA";"816";"TOGsI"
"15";"BOYACA";"820";"TOPAGA"
"15";"BOYACA";"822";"TOTA"
"15";"BOYACA";"832";"TUNUNGUA"
"15";"BOYACA";"835";"TURMEQUE"
"15";"BOYACA";"837";"TUTA"
"15";"BOYACA";"839";"TUTAZA"
"15";"BOYACA";"842";"UMBITA"
"15";"BOYACA";"861";"VENTAQUEMADA"
"15";"BOYACA";"879";"VIRACACHA"
"15";"BOYACA";"897";"ZETAQUIRA"
"17";"CALDAS";"001";"MANIZALES"
"17";"CALDAS";"013";"AGUADAS"
"17";"CALDAS";"042";"ANSERMA"
"17";"CALDAS";"050";"ARANZAZU"
"17";"CALDAS";"088";"BELALCAZAR"
"17";"CALDAS";"174";"CHINCHINA"
"17";"CALDAS";"272";"FILADELFIA"
"17";"CALDAS";"380";"LA DORADA"
"17";"CALDAS";"388";"LA MERCED"
"17";"CALDAS";"433";"MANZANARES"
"17";"CALDAS";"442";"MARMATO"
"17";"CALDAS";"444";"MARQUETALIA"
"17";"CALDAS";"446";"MARULANDA"
"17";"CALDAS";"486";"NEIRA"
"17";"CALDAS";"495";"NORCASIA"
"17";"CALDAS";"513";"PACORA"
"17";"CALDAS";"524";"PALESTINA"
"17";"CALDAS";"541";"PENSILVANIA"
"17";"CALDAS";"614";"RIOSUCIO"
"17";"CALDAS";"616";"RISARALDA"
"17";"CALDAS";"653";"SALAMINA"
"17";"CALDAS";"662";"SAMANA"
"17";"CALDAS";"665";"SAN JOSE"
"17";"CALDAS";"777";"SUPIA"
"17";"CALDAS";"867";"VICTORIA"
"17";"CALDAS";"873";"VILLAMARIA"
"17";"CALDAS";"877";"VITERBO"
"18";"CAQUETA";"001";"FLORENCIA"
"18";"CAQUETA";"029";"ALBANIA"
"18";"CAQUETA";"094";"BELEN DE LOS ANDAQUIES"
"18";"CAQUETA";"150";"CARTAGENA DEL CHAIRA"
"18";"CAQUETA";"205";"CURILLO"
"18";"CAQUETA";"247";"EL DONCELLO"
"18";"CAQUETA";"256";"EL PAUJIL"
"18";"CAQUETA";"410";"LA MONTAÑITA"
"18";"CAQUETA";"460";"MILAN"
"18";"CAQUETA";"479";"MORELIA"
"18";"CAQUETA";"592";"PUERTO RICO"
"18";"CAQUETA";"610";"SAN JOSE DEL FRAGUA"
"18";"CAQUETA";"753";"SAN VICENTE DEL CAGUAN"
"18";"CAQUETA";"756";"SOLANO"
"18";"CAQUETA";"785";"SOLITA"
"18";"CAQUETA";"860";"VALPARAISO"
"19";"CAUCA";"001";"POPAYAN"
"19";"CAUCA";"022";"ALMAGUER"
"19";"CAUCA";"050";"ARGELIA"
"19";"CAUCA";"075";"BALBOA"
"19";"CAUCA";"100";"BOLIVAR"
"19";"CAUCA";"110";"BUENOS AIRES"
"19";"CAUCA";"130";"CAJIBIO"
"19";"CAUCA";"137";"CALDONO"
"19";"CAUCA";"142";"CALOTO"
"19";"CAUCA";"212";"CORINTO"
"19";"CAUCA";"256";"EL TAMBO"
"19";"CAUCA";"290";"FLORENCIA"
"19";"CAUCA";300;"GUACHENE"
"19";"CAUCA";"318";"GUAPI"
"19";"CAUCA";"355";"INZA"
"19";"CAUCA";"364";"JAMBALO"
"19";"CAUCA";"392";"LA SIERRA"
"19";"CAUCA";"397";"LA VEGA"
"19";"CAUCA";"418";"LOPEZ"
"19";"CAUCA";"450";"MERCADERES"
"19";"CAUCA";"455";"MIRANDA"
"19";"CAUCA";"473";"MORALES"
"19";"CAUCA";"513";"PADILLA"
"19";"CAUCA";"517";"PAEZ"
"19";"CAUCA";"532";"PATIA"
"19";"CAUCA";"533";"PIAMONTE"
"19";"CAUCA";"548";"PIENDAMO"
"19";"CAUCA";"573";"PUERTO TEJADA"
"19";"CAUCA";"585";"PURACE"
"19";"CAUCA";"622";"ROSAS"
"19";"CAUCA";"693";"SAN SEBASTIAN"
"19";"CAUCA";"698";"SANTANDER DE QUILICHAO"
"19";"CAUCA";"701";"SANTA ROSA"
"19";"CAUCA";"743";"SILVIA"
"19";"CAUCA";"760";"SOTARA"
"19";"CAUCA";"780";"SUAREZ"
"19";"CAUCA";"785";"SUCRE"
"19";"CAUCA";"807";"TIMBIO"
"19";"CAUCA";"809";"TIMBIQUI"
"19";"CAUCA";"821";"TORIBIO"
"19";"CAUCA";"824";"TOTORO"
"19";"CAUCA";"845";"VILLA RICA"
"20";"CESAR";"001";"VALLEDUPAR"
"20";"CESAR";"011";"AGUACHICA"
"20";"CESAR";"013";"AGUSTIN CODAZZI"
"20";"CESAR";"032";"ASTREA"
"20";"CESAR";"045";"BECERRIL"
"20";"CESAR";"060";"BOSCONIA"
"20";"CESAR";"175";"CHIMICHAGUA"
"20";"CESAR";"178";"CHIRIGUANA"
"20";"CESAR";"228";"CURUMANI"
"20";"CESAR";"238";"EL COPEY"
"20";"CESAR";"250";"EL PASO"
"20";"CESAR";"295";"GAMARRA"
"20";"CESAR";"310";"GONZALEZ"
"20";"CESAR";"383";"LA GLORIA"
"20";"CESAR";"400";"LA JAGUA DE IBIRICO"
"20";"CESAR";"443";"MANAURE"
"20";"CESAR";"517";"PAILITAS"
"20";"CESAR";"550";"PELAYA"
"20";"CESAR";"570";"PUEBLO BELLO"
"20";"CESAR";"614";"RIO DE ORO"
"20";"CESAR";"621";"LA PAZ"
"20";"CESAR";"710";"SAN ALBERTO"
"20";"CESAR";"750";"SAN DIEGO"
"20";"CESAR";"770";"SAN MARTIN"
"20";"CESAR";"787";"TAMALAMEQUE"
"23";"CORDOBA";"001";"MONTERIA"
"23";"CORDOBA";"068";"AYAPEL"
"23";"CORDOBA";"079";"BUENAVISTA"
"23";"CORDOBA";"090";"CANALETE"
"23";"CORDOBA";"162";"CERETE"
"23";"CORDOBA";"168";"CHIMA"
"23";"CORDOBA";"182";"CHINU"
"23";"CORDOBA";"189";"CIENAGA DE ORO"
"23";"CORDOBA";"300";"COTORRA"
"23";"CORDOBA";"350";"LA APARTADA"
"23";"CORDOBA";"417";"LORICA"
"23";"CORDOBA";"419";"LOS CORDOBAS"
"23";"CORDOBA";"464";"MOMIL"
"23";"CORDOBA";"466";"MONTELIBANO"
"23";"CORDOBA";"500";"MOÑITOS"
"23";"CORDOBA";"555";"PLANETA RICA"
"23";"CORDOBA";"570";"PUEBLO NUEVO"
"23";"CORDOBA";"574";"PUERTO ESCONDIDO"
"23";"CORDOBA";"580";"PUERTO LIBERTADOR"
"23";"CORDOBA";"586";"PURISIMA"
"23";"CORDOBA";"660";"SAHAGUN"
"23";"CORDOBA";"670";"SAN ANDRES SOTAVENTO"
"23";"CORDOBA";"672";"SAN ANTERO"
"23";"CORDOBA";"675";"SAN BERNARDO DEL VIENTO"
"23";"CORDOBA";"678";"SAN CARLOS"
"23";"CORDOBA";"686";"SAN PELAYO"
"23";"CORDOBA";"807";"TIERRALTA"
"23";"CORDOBA";"855";"VALENCIA"
"25";"CUNDINAMARCA";"001";"AGUA DE DIOS"
"25";"CUNDINAMARCA";"019";"ALBAN"
"25";"CUNDINAMARCA";"035";"ANAPOIMA"
"25";"CUNDINAMARCA";"040";"ANOLAIMA"
"25";"CUNDINAMARCA";"053";"ARBELAEZ"
"25";"CUNDINAMARCA";"086";"BELTRAN"
"25";"CUNDINAMARCA";"095";"BITUIMA"
"25";"CUNDINAMARCA";"099";"BOJACA"
"25";"CUNDINAMARCA";"120";"CABRERA"
"25";"CUNDINAMARCA";"123";"CACHIPAY"
"25";"CUNDINAMARCA";"126";"CAJICA"
"25";"CUNDINAMARCA";"148";"CAPARRAPI"
"25";"CUNDINAMARCA";"151";"CAQUEZA"
"25";"CUNDINAMARCA";"154";"CARMEN DE CARUPA"
"25";"CUNDINAMARCA";"168";"CHAGUANI"
"25";"CUNDINAMARCA";"175";"CHIA"
"25";"CUNDINAMARCA";"178";"CHIPAQUE"
"25";"CUNDINAMARCA";"181";"CHOACHI"
"25";"CUNDINAMARCA";"183";"CHOCONTA"
"25";"CUNDINAMARCA";"200";"COGUA"
"25";"CUNDINAMARCA";"214";"COTA"
"25";"CUNDINAMARCA";"224";"CUCUNUBA"
"25";"CUNDINAMARCA";"245";"EL COLEGIO"
"25";"CUNDINAMARCA";"258";"EL PEÑON"
"25";"CUNDINAMARCA";"260";"EL ROSAL"
"25";"CUNDINAMARCA";"269";"FACATATIVA"
"25";"CUNDINAMARCA";"279";"FOMEQUE"
"25";"CUNDINAMARCA";"281";"FOSCA"
"25";"CUNDINAMARCA";"286";"FUNZA"
"25";"CUNDINAMARCA";"288";"FUQUENE"
"25";"CUNDINAMARCA";"290";"FUSAGASUGA"
"25";"CUNDINAMARCA";"293";"GACHALA"
"25";"CUNDINAMARCA";"295";"GACHANCIPA"
"25";"CUNDINAMARCA";"297";"GACHETA"
"25";"CUNDINAMARCA";"299";"GAMA"
"25";"CUNDINAMARCA";"307";"GIRARDOT"
"25";"CUNDINAMARCA";"312";"GRANADA"
"25";"CUNDINAMARCA";"317";"GUACHETA"
"25";"CUNDINAMARCA";"320";"GUADUAS"
"25";"CUNDINAMARCA";"322";"GUASCA"
"25";"CUNDINAMARCA";"324";"GUATAQUI"
"25";"CUNDINAMARCA";"326";"GUATAVITA"
"25";"CUNDINAMARCA";"328";"GUAYABAL DE SIQUIMA"
"25";"CUNDINAMARCA";"335";"GUAYABETAL"
"25";"CUNDINAMARCA";"339";"GUTIERREZ"
"25";"CUNDINAMARCA";"368";"JERUSALEN"
"25";"CUNDINAMARCA";"372";"JUNIN"
"25";"CUNDINAMARCA";"377";"LA CALERA"
"25";"CUNDINAMARCA";"386";"LA MESA"
"25";"CUNDINAMARCA";"394";"LA PALMA"
"25";"CUNDINAMARCA";"398";"LA PEÑA"
"25";"CUNDINAMARCA";"402";"LA VEGA"
"25";"CUNDINAMARCA";"407";"LENGUAZAQUE"
"25";"CUNDINAMARCA";"426";"MACHETA"
"25";"CUNDINAMARCA";"430";"MADRID"
"25";"CUNDINAMARCA";"436";"MANTA"
"25";"CUNDINAMARCA";"438";"MEDINA"
"25";"CUNDINAMARCA";"473";"MOSQUERA"
"25";"CUNDINAMARCA";"483";"NARIÑO"
"25";"CUNDINAMARCA";"486";"NEMOCON"
"25";"CUNDINAMARCA";"488";"NILO"
"25";"CUNDINAMARCA";"489";"NIMAIMA"
"25";"CUNDINAMARCA";"491";"NOCAIMA"
"25";"CUNDINAMARCA";"506";"VENECIA"
"25";"CUNDINAMARCA";"513";"PACHO"
"25";"CUNDINAMARCA";"518";"PAIME"
"25";"CUNDINAMARCA";"524";"PANDI"
"25";"CUNDINAMARCA";"530";"PARATEBUENO"
"25";"CUNDINAMARCA";"535";"PASCA"
"25";"CUNDINAMARCA";"572";"PUERTO SALGAR"
"25";"CUNDINAMARCA";"580";"PULI"
"25";"CUNDINAMARCA";"592";"QUEBRADANEGRA"
"25";"CUNDINAMARCA";"594";"QUETAME"
"25";"CUNDINAMARCA";"596";"QUIPILE"
"25";"CUNDINAMARCA";"599";"APULO"
"25";"CUNDINAMARCA";"612";"RICAURTE"
"25";"CUNDINAMARCA";"645";"SAN ANTONIO DEL TEQUENDAMA"
"25";"CUNDINAMARCA";"649";"SAN BERNARDO"
"25";"CUNDINAMARCA";"653";"SAN CAYETANO"
"25";"CUNDINAMARCA";"658";"SAN FRANCISCO"
"25";"CUNDINAMARCA";"662";"SAN JUAN DE RIO SECO"
"25";"CUNDINAMARCA";"718";"SASAIMA"
"25";"CUNDINAMARCA";"736";"SESQUILE"
"25";"CUNDINAMARCA";"740";"SIBATE"
"25";"CUNDINAMARCA";"743";"SILVANIA"
"25";"CUNDINAMARCA";"745";"SIMIJACA"
"25";"CUNDINAMARCA";"754";"SOACHA"
"25";"CUNDINAMARCA";"758";"SOPO"
"25";"CUNDINAMARCA";"769";"SUBACHOQUE"
"25";"CUNDINAMARCA";"772";"SUESCA"
"25";"CUNDINAMARCA";"777";"SUPATA"
"25";"CUNDINAMARCA";"779";"SUSA"
"25";"CUNDINAMARCA";"781";"SUTATAUSA"
"25";"CUNDINAMARCA";"785";"TABIO"
"25";"CUNDINAMARCA";"793";"TAUSA"
"25";"CUNDINAMARCA";"797";"TENA"
"25";"CUNDINAMARCA";"799";"TENJO"
"25";"CUNDINAMARCA";"805";"TIBACUY"
"25";"CUNDINAMARCA";"807";"TIBIRITA"
"25";"CUNDINAMARCA";"815";"TOCAIMA"
"25";"CUNDINAMARCA";"817";"TOCANCIPA"
"25";"CUNDINAMARCA";"823";"TOPAIPI"
"25";"CUNDINAMARCA";"839";"UBALA"
"25";"CUNDINAMARCA";"841";"UBAQUE"
"25";"CUNDINAMARCA";"843";"VILLA DE SAN DIEGO DE UBATE"
"25";"CUNDINAMARCA";"845";"UNE"
"25";"CUNDINAMARCA";"851";"UTICA"
"25";"CUNDINAMARCA";"862";"VERGARA"
"25";"CUNDINAMARCA";"867";"VIANI"
"25";"CUNDINAMARCA";"871";"VILLAGOMEZ"
"25";"CUNDINAMARCA";"873";"VILLAPINZON"
"25";"CUNDINAMARCA";"875";"VILLETA"
"25";"CUNDINAMARCA";"878";"VIOTA"
"25";"CUNDINAMARCA";"885";"YACOPI"
"25";"CUNDINAMARCA";"898";"ZIPACON"
"25";"CUNDINAMARCA";"899";"ZIPAQUIRA"
"27";"CHOCO";"001";"QUIBDO"
"27";"CHOCO";"006";"ACANDI"
"27";"CHOCO";"025";"ALTO BAUDO"
"27";"CHOCO";"050";"ATRATO"
"27";"CHOCO";"073";"BAGADO"
"27";"CHOCO";"075";"BAHIA SOLANO"
"27";"CHOCO";"077";"BAJO BAUDO"
"27";"CHOCO";"099";"BOJAYA"
"27";"CHOCO";"135";"EL CANTON DEL SAN PABLO"
"27";"CHOCO";"150";"CARMEN DEL DARIEN"
"27";"CHOCO";"160";"CERTEGUI"
"27";"CHOCO";"205";"CONDOTO"
"27";"CHOCO";"245";"EL CARMEN DE ATRATO"
"27";"CHOCO";"250";"EL LITORAL DEL SAN JUAN"
"27";"CHOCO";"361";"ISTMINA"
"27";"CHOCO";"372";"JURADO"
"27";"CHOCO";"413";"LLORO"
"27";"CHOCO";"425";"MEDIO ATRATO"
"27";"CHOCO";"430";"MEDIO BAUDO"
"27";"CHOCO";"450";"MEDIO SAN JUAN"
"27";"CHOCO";"491";"NOVITA"
"27";"CHOCO";"495";"NUQUI"
"27";"CHOCO";"580";"RIO IRO"
"27";"CHOCO";"600";"RIO QUITO"
"27";"CHOCO";"615";"RIOSUCIO"
"27";"CHOCO";"660";"SAN JOSE DEL PALMAR"
"27";"CHOCO";"745";"SIPI"
"27";"CHOCO";"787";"TADO"
"27";"CHOCO";"800";"UNGUIA"
"27";"CHOCO";"810";"UNION PANAMERICANA"
"41";"HUILA";"001";"NEIVA"
"41";"HUILA";"006";"ACEVEDO"
"41";"HUILA";"013";"AGRADO"
"41";"HUILA";"016";"AIPE"
"41";"HUILA";"020";"ALGECIRAS"
"41";"HUILA";"026";"ALTAMIRA"
"41";"HUILA";"078";"BARAYA"
"41";"HUILA";"132";"CAMPOALEGRE"
"41";"HUILA";"206";"COLOMBIA"
"41";"HUILA";"244";"ELIAS"
"41";"HUILA";"298";"GARZON"
"41";"HUILA";"306";"GIGANTE"
"41";"HUILA";"319";"GUADALUPE"
"41";"HUILA";"349";"HOBO"
"41";"HUILA";"357";"IQUIRA"
"41";"HUILA";"359";"ISNOS"
"41";"HUILA";"378";"LA ARGENTINA"
"41";"HUILA";"396";"LA PLATA"
"41";"HUILA";"483";"NATAGA"
"41";"HUILA";"503";"OPORAPA"
"41";"HUILA";"518";"PAICOL"
"41";"HUILA";"524";"PALERMO"
"41";"HUILA";"530";"PALESTINA"
"41";"HUILA";"548";"PITAL"
"41";"HUILA";"551";"PITALITO"
"41";"HUILA";"615";"RIVERA"
"41";"HUILA";"660";"SALADOBLANCO"
"41";"HUILA";"668";"SAN AGUSTIN"
"41";"HUILA";"676";"SANTA MARIA"
"41";"HUILA";"770";"SUAZA"
"41";"HUILA";"791";"TARQUI"
"41";"HUILA";"797";"TESALIA"
"41";"HUILA";"799";"TELLO"
"41";"HUILA";"801";"TERUEL"
"41";"HUILA";"807";"TIMANA"
"41";"HUILA";"872";"VILLAVIEJA"
"41";"HUILA";"885";"YAGUARA"
"44";"LA GUAJIRA";"001";"RIOHACHA"
"44";"LA GUAJIRA";"035";"ALBANIA"
"44";"LA GUAJIRA";"078";"BARRANCAS"
"44";"LA GUAJIRA";"090";"DIBULLA"
"44";"LA GUAJIRA";"098";"DISTRACCION"
"44";"LA GUAJIRA";"110";"EL MOLINO"
"44";"LA GUAJIRA";"279";"FONSECA"
"44";"LA GUAJIRA";"378";"HATONUEVO"
"44";"LA GUAJIRA";"420";"LA JAGUA DEL PILAR"
"44";"LA GUAJIRA";"430";"MAICAO"
"44";"LA GUAJIRA";"560";"MANAURE"
"44";"LA GUAJIRA";"650";"SAN JUAN DEL CESAR"
"44";"LA GUAJIRA";"847";"URIBIA"
"44";"LA GUAJIRA";"855";"URUMITA"
"44";"LA GUAJIRA";"874";"VILLANUEVA"
"47";"MAGDALENA";"001";"SANTA MARTA"
"47";"MAGDALENA";"030";"ALGARROBO"
"47";"MAGDALENA";"053";"ARACATACA"
"47";"MAGDALENA";"058";"ARIGUANI"
"47";"MAGDALENA";"161";"CERRO SAN ANTONIO"
"47";"MAGDALENA";"170";"CHIBOLO"
"47";"MAGDALENA";"189";"CIENAGA"
"47";"MAGDALENA";"205";"CONCORDIA"
"47";"MAGDALENA";"245";"EL BANCO"
"47";"MAGDALENA";"258";"EL PIÑON"
"47";"MAGDALENA";"268";"EL RETEN"
"47";"MAGDALENA";"288";"FUNDACION"
"47";"MAGDALENA";"318";"GUAMAL"
"47";"MAGDALENA";"460";"NUEVA GRANADA"
"47";"MAGDALENA";"541";"PEDRAZA"
"47";"MAGDALENA";"545";"PIJIÑO DEL CARMEN"
"47";"MAGDALENA";"551";"PIVIJAY"
"47";"MAGDALENA";"555";"PLATO"
"47";"MAGDALENA";"570";"PUEBLOVIEJO"
"47";"MAGDALENA";"605";"REMOLINO"
"47";"MAGDALENA";"660";"SABANAS DE SAN ANGEL"
"47";"MAGDALENA";"675";"SALAMINA"
"47";"MAGDALENA";"692";"SAN SEBASTIAN DE BUENAVISTA"
"47";"MAGDALENA";"703";"SAN ZENON"
"47";"MAGDALENA";"707";"SANTA ANA"
"47";"MAGDALENA";"720";"SANTA BARBARA DE PINTO"
"47";"MAGDALENA";"745";"SITIONUEVO"
"47";"MAGDALENA";"798";"TENERIFE"
"47";"MAGDALENA";"960";"ZAPAYAN"
"47";"MAGDALENA";"980";"ZONA BANANERA"
"50";"META";"001";"VILLAVICENCIO"
"50";"META";"006";"ACACIAS"
"50";"META";"110";"BARRANCA DE UPIA"
"50";"META";"124";"CABUYARO"
"50";"META";"150";"CASTILLA LA NUEVA"
"50";"META";"223";"CUBARRAL"
"50";"META";"226";"CUMARAL"
"50";"META";"245";"EL CALVARIO"
"50";"META";"251";"EL CASTILLO"
"50";"META";"270";"EL DORADO"
"50";"META";"287";"FUENTE DE ORO"
"50";"META";"313";"GRANADA"
"50";"META";"318";"GUAMAL"
"50";"META";"325";"MAPIRIPAN"
"50";"META";"330";"MESETAS"
"50";"META";"350";"LA MACARENA"
"50";"META";"370";"URIBE"
"50";"META";"400";"LEJANIAS"
"50";"META";"450";"PUERTO CONCORDIA"
"50";"META";"568";"PUERTO GAITAN"
"50";"META";"573";"PUERTO LOPEZ"
"50";"META";"577";"PUERTO LLERAS"
"50";"META";"590";"PUERTO RICO"
"50";"META";"606";"RESTREPO"
"50";"META";"680";"SAN CARLOS DE GUAROA"
"50";"META";"683";"SAN JUAN DE ARAMA"
"50";"META";"686";"SAN JUANITO"
"50";"META";"689";"SAN MARTIN"
"50";"META";"711";"VISTAHERMOSA"
"52";"NARIÑO";"001";"PASTO"
"52";"NARIÑO";"019";"ALBAN"
"52";"NARIÑO";"022";"ALDANA"
"52";"NARIÑO";"036";"ANCUYA"
"52";"NARIÑO";"051";"ARBOLEDA"
"52";"NARIÑO";"079";"BARBACOAS"
"52";"NARIÑO";"083";"BELEN"
"52";"NARIÑO";"110";"BUESACO"
"52";"NARIÑO";"203";"COLON"
"52";"NARIÑO";"207";"CONSACA"
"52";"NARIÑO";"210";"CONTADERO"
"52";"NARIÑO";"215";"CORDOBA"
"52";"NARIÑO";"224";"CUASPUD"
"52";"NARIÑO";"227";"CUMBAL"
"52";"NARIÑO";"233";"CUMBITARA"
"52";"NARIÑO";"240";"CHACHAGsI"
"52";"NARIÑO";"250";"EL CHARCO"
"52";"NARIÑO";"254";"EL PEÑOL"
"52";"NARIÑO";"256";"EL ROSARIO"
"52";"NARIÑO";"258";"EL TABLON DE GOMEZ"
"52";"NARIÑO";"260";"EL TAMBO"
"52";"NARIÑO";"287";"FUNES"
"52";"NARIÑO";"317";"GUACHUCAL"
"52";"NARIÑO";"320";"GUAITARILLA"
"52";"NARIÑO";"323";"GUALMATAN"
"52";"NARIÑO";"352";"ILES"
"52";"NARIÑO";"354";"IMUES"
"52";"NARIÑO";"356";"IPIALES"
"52";"NARIÑO";"378";"LA CRUZ"
"52";"NARIÑO";"381";"LA FLORIDA"
"52";"NARIÑO";"385";"LA LLANADA"
"52";"NARIÑO";"390";"LA TOLA"
"52";"NARIÑO";"399";"LA UNION"
"52";"NARIÑO";"405";"LEIVA"
"52";"NARIÑO";"411";"LINARES"
"52";"NARIÑO";"418";"LOS ANDES"
"52";"NARIÑO";"427";"MAGsI"
"52";"NARIÑO";"435";"MALLAMA"
"52";"NARIÑO";"473";"MOSQUERA"
"52";"NARIÑO";"480";"NARIÑO"
"52";"NARIÑO";"490";"OLAYA HERRERA"
"52";"NARIÑO";"506";"OSPINA"
"52";"NARIÑO";"520";"FRANCISCO PIZARRO"
"52";"NARIÑO";"540";"POLICARPA"
"52";"NARIÑO";"560";"POTOSI"
"52";"NARIÑO";"565";"PROVIDENCIA"
"52";"NARIÑO";"573";"PUERRES"
"52";"NARIÑO";"585";"PUPIALES"
"52";"NARIÑO";"612";"RICAURTE"
"52";"NARIÑO";"621";"ROBERTO PAYAN"
"52";"NARIÑO";"678";"SAMANIEGO"
"52";"NARIÑO";"683";"SANDONA"
"52";"NARIÑO";"685";"SAN BERNARDO"
"52";"NARIÑO";"687";"SAN LORENZO"
"52";"NARIÑO";"693";"SAN PABLO"
"52";"NARIÑO";"694";"SAN PEDRO DE CARTAGO"
"52";"NARIÑO";"696";"SANTA BARBARA"
"52";"NARIÑO";"699";"SANTACRUZ"
"52";"NARIÑO";"720";"SAPUYES"
"52";"NARIÑO";"786";"TAMINANGO"
"52";"NARIÑO";"788";"TANGUA"
"52";"NARIÑO";"835";"SAN ANDRES DE TUMACO"
"52";"NARIÑO";"838";"TUQUERRES"
"52";"NARIÑO";"885";"YACUANQUER"
"54";"NORTE DE SANTANDER";"001";"CUCUTA"
"54";"NORTE DE SANTANDER";"003";"ABREGO"
"54";"NORTE DE SANTANDER";"051";"ARBOLEDAS"
"54";"NORTE DE SANTANDER";"099";"BOCHALEMA"
"54";"NORTE DE SANTANDER";"109";"BUCARASICA"
"54";"NORTE DE SANTANDER";"125";"CACOTA"
"54";"NORTE DE SANTANDER";"128";"CACHIRA"
"54";"NORTE DE SANTANDER";"172";"CHINACOTA"
"54";"NORTE DE SANTANDER";"174";"CHITAGA"
"54";"NORTE DE SANTANDER";"206";"CONVENCION"
"54";"NORTE DE SANTANDER";"223";"CUCUTILLA"
"54";"NORTE DE SANTANDER";"239";"DURANIA"
"54";"NORTE DE SANTANDER";"245";"EL CARMEN"
"54";"NORTE DE SANTANDER";"250";"EL TARRA"
"54";"NORTE DE SANTANDER";"261";"EL ZULIA"
"54";"NORTE DE SANTANDER";"313";"GRAMALOTE"
"54";"NORTE DE SANTANDER";"344";"HACARI"
"54";"NORTE DE SANTANDER";"347";"HERRAN"
"54";"NORTE DE SANTANDER";"377";"LABATECA"
"54";"NORTE DE SANTANDER";"385";"LA ESPERANZA"
"54";"NORTE DE SANTANDER";"398";"LA PLAYA"
"54";"NORTE DE SANTANDER";"405";"LOS PATIOS"
"54";"NORTE DE SANTANDER";"418";"LOURDES"
"54";"NORTE DE SANTANDER";"480";"MUTISCUA"
"54";"NORTE DE SANTANDER";"498";"OCAÑA"
"54";"NORTE DE SANTANDER";"518";"PAMPLONA"
"54";"NORTE DE SANTANDER";"520";"PAMPLONITA"
"54";"NORTE DE SANTANDER";"553";"PUERTO SANTANDER"
"54";"NORTE DE SANTANDER";"599";"RAGONVALIA"
"54";"NORTE DE SANTANDER";"660";"SALAZAR"
"54";"NORTE DE SANTANDER";"670";"SAN CALIXTO"
"54";"NORTE DE SANTANDER";"673";"SAN CAYETANO"
"54";"NORTE DE SANTANDER";"680";"SANTIAGO"
"54";"NORTE DE SANTANDER";"720";"SARDINATA"
"54";"NORTE DE SANTANDER";"743";"SILOS"
"54";"NORTE DE SANTANDER";"800";"TEORAMA"
"54";"NORTE DE SANTANDER";"810";"TIBU"
"54";"NORTE DE SANTANDER";"820";"TOLEDO"
"54";"NORTE DE SANTANDER";"871";"VILLA CARO"
"54";"NORTE DE SANTANDER";"874";"VILLA DEL ROSARIO"
"63";"QUINDIO";"001";"ARMENIA"
"63";"QUINDIO";"111";"BUENAVISTA"
"63";"QUINDIO";"130";"CALARCA"
"63";"QUINDIO";"190";"CIRCASIA"
"63";"QUINDIO";"212";"CORDOBA"
"63";"QUINDIO";"272";"FILANDIA"
"63";"QUINDIO";"302";"GENOVA"
"63";"QUINDIO";"401";"LA TEBAIDA"
"63";"QUINDIO";"470";"MONTENEGRO"
"63";"QUINDIO";"548";"PIJAO"
"63";"QUINDIO";"594";"QUIMBAYA"
"63";"QUINDIO";"690";"SALENTO"
"66";"RISARALDA";"001";"PEREIRA"
"66";"RISARALDA";"045";"APIA"
"66";"RISARALDA";"075";"BALBOA"
"66";"RISARALDA";"088";"BELEN DE UMBRIA"
"66";"RISARALDA";"170";"DOSQUEBRADAS"
"66";"RISARALDA";"318";"GUATICA"
"66";"RISARALDA";"383";"LA CELIA"
"66";"RISARALDA";"400";"LA VIRGINIA"
"66";"RISARALDA";"440";"MARSELLA"
"66";"RISARALDA";"456";"MISTRATO"
"66";"RISARALDA";"572";"PUEBLO RICO"
"66";"RISARALDA";"594";"QUINCHIA"
"66";"RISARALDA";"682";"SANTA ROSA DE CABAL"
"66";"RISARALDA";"687";"SANTUARIO"
"68";"SANTANDER";"001";"BUCARAMANGA"
"68";"SANTANDER";"013";"AGUADA"
"68";"SANTANDER";"020";"ALBANIA"
"68";"SANTANDER";"051";"ARATOCA"
"68";"SANTANDER";"077";"BARBOSA"
"68";"SANTANDER";"079";"BARICHARA"
"68";"SANTANDER";"081";"BARRANCABERMEJA"
"68";"SANTANDER";"092";"BETULIA"
"68";"SANTANDER";"101";"BOLIVAR"
"68";"SANTANDER";"121";"CABRERA"
"68";"SANTANDER";"132";"CALIFORNIA"
"68";"SANTANDER";"147";"CAPITANEJO"
"68";"SANTANDER";"152";"CARCASI"
"68";"SANTANDER";"160";"CEPITA"
"68";"SANTANDER";"162";"CERRITO"
"68";"SANTANDER";"167";"CHARALA"
"68";"SANTANDER";"169";"CHARTA"
"68";"SANTANDER";"176";"CHIMA"
"68";"SANTANDER";"179";"CHIPATA"
"68";"SANTANDER";"190";"CIMITARRA"
"68";"SANTANDER";"207";"CONCEPCION"
"68";"SANTANDER";"209";"CONFINES"
"68";"SANTANDER";"211";"CONTRATACION"
"68";"SANTANDER";"217";"COROMORO"
"68";"SANTANDER";"229";"CURITI"
"68";"SANTANDER";"235";"EL CARMEN DE CHUCURI"
"68";"SANTANDER";"245";"EL GUACAMAYO"
"68";"SANTANDER";"250";"EL PEÑON"
"68";"SANTANDER";"255";"EL PLAYON"
"68";"SANTANDER";"264";"ENCINO"
"68";"SANTANDER";"266";"ENCISO"
"68";"SANTANDER";"271";"FLORIAN"
"68";"SANTANDER";"276";"FLORIDABLANCA"
"68";"SANTANDER";"296";"GALAN"
"68";"SANTANDER";"298";"GAMBITA"
"68";"SANTANDER";"307";"GIRON"
"68";"SANTANDER";"318";"GUACA"
"68";"SANTANDER";"320";"GUADALUPE"
"68";"SANTANDER";"322";"GUAPOTA"
"68";"SANTANDER";"324";"GUAVATA"
"68";"SANTANDER";"327";"GsEPSA"
"68";"SANTANDER";"344";"HATO"
"68";"SANTANDER";"368";"JESUS MARIA"
"68";"SANTANDER";"370";"JORDAN"
"68";"SANTANDER";"377";"LA BELLEZA"
"68";"SANTANDER";"385";"LANDAZURI"
"68";"SANTANDER";"397";"LA PAZ"
"68";"SANTANDER";"406";"LEBRIJA"
"68";"SANTANDER";"418";"LOS SANTOS"
"68";"SANTANDER";"425";"MACARAVITA"
"68";"SANTANDER";"432";"MALAGA"
"68";"SANTANDER";"444";"MATANZA"
"68";"SANTANDER";"464";"MOGOTES"
"68";"SANTANDER";"468";"MOLAGAVITA"
"68";"SANTANDER";"498";"OCAMONTE"
"68";"SANTANDER";"500";"OIBA"
"68";"SANTANDER";"502";"ONZAGA"
"68";"SANTANDER";"522";"PALMAR"
"68";"SANTANDER";"524";"PALMAS DEL SOCORRO"
"68";"SANTANDER";"533";"PARAMO"
"68";"SANTANDER";"547";"PIEDECUESTA"
"68";"SANTANDER";"549";"PINCHOTE"
"68";"SANTANDER";"572";"PUENTE NACIONAL"
"68";"SANTANDER";"573";"PUERTO PARRA"
"68";"SANTANDER";"575";"PUERTO WILCHES"
"68";"SANTANDER";"615";"RIONEGRO"
"68";"SANTANDER";"655";"SABANA DE TORRES"
"68";"SANTANDER";"669";"SAN ANDRES"
"68";"SANTANDER";"673";"SAN BENITO"
"68";"SANTANDER";"679";"SAN GIL"
"68";"SANTANDER";"682";"SAN JOAQUIN"
"68";"SANTANDER";"684";"SAN JOSE DE MIRANDA"
"68";"SANTANDER";"686";"SAN MIGUEL"
"68";"SANTANDER";"689";"SAN VICENTE DE CHUCURI"
"68";"SANTANDER";"705";"SANTA BARBARA"
"68";"SANTANDER";"720";"SANTA HELENA DEL OPON"
"68";"SANTANDER";"745";"SIMACOTA"
"68";"SANTANDER";"755";"SOCORRO"
"68";"SANTANDER";"770";"SUAITA"
"68";"SANTANDER";"773";"SUCRE"
"68";"SANTANDER";"780";"SURATA"
"68";"SANTANDER";"820";"TONA"
"68";"SANTANDER";"855";"VALLE DE SAN JOSE"
"68";"SANTANDER";"861";"VELEZ"
"68";"SANTANDER";"867";"VETAS"
"68";"SANTANDER";"872";"VILLANUEVA"
"68";"SANTANDER";"895";"ZAPATOCA"
"70";"SUCRE";"001";"SINCELEJO"
"70";"SUCRE";"110";"BUENAVISTA"
"70";"SUCRE";"124";"CAIMITO"
"70";"SUCRE";"204";"COLOSO"
"70";"SUCRE";"215";"COROZAL"
"70";"SUCRE";"221";"COVEÑAS"
"70";"SUCRE";"230";"CHALAN"
"70";"SUCRE";"233";"EL ROBLE"
"70";"SUCRE";"235";"GALERAS"
"70";"SUCRE";"265";"GUARANDA"
"70";"SUCRE";"400";"LA UNION"
"70";"SUCRE";"418";"LOS PALMITOS"
"70";"SUCRE";"429";"MAJAGUAL"
"70";"SUCRE";"473";"MORROA"
"70";"SUCRE";"508";"OVEJAS"
"70";"SUCRE";"523";"PALMITO"
"70";"SUCRE";"670";"SAMPUES"
"70";"SUCRE";"678";"SAN BENITO ABAD"
"70";"SUCRE";"702";"SAN JUAN DE BETULIA"
"70";"SUCRE";"708";"SAN MARCOS"
"70";"SUCRE";"713";"SAN ONOFRE"
"70";"SUCRE";"717";"SAN PEDRO"
"70";"SUCRE";"742";"SAN LUIS DE SINCE"
"70";"SUCRE";"771";"SUCRE"
"70";"SUCRE";"820";"SANTIAGO DE TOLU"
"70";"SUCRE";"823";"TOLU VIEJO"
"73";"TOLIMA";"001";"IBAGUE"
"73";"TOLIMA";"024";"ALPUJARRA"
"73";"TOLIMA";"026";"ALVARADO"
"73";"TOLIMA";"030";"AMBALEMA"
"73";"TOLIMA";"043";"ANZOATEGUI"
"73";"TOLIMA";"055";"ARMERO"
"73";"TOLIMA";"067";"ATACO"
"73";"TOLIMA";"124";"CAJAMARCA"
"73";"TOLIMA";"148";"CARMEN DE APICALA"
"73";"TOLIMA";"152";"CASABIANCA"
"73";"TOLIMA";"168";"CHAPARRAL"
"73";"TOLIMA";"200";"COELLO"
"73";"TOLIMA";"217";"COYAIMA"
"73";"TOLIMA";"226";"CUNDAY"
"73";"TOLIMA";"236";"DOLORES"
"73";"TOLIMA";"268";"ESPINAL"
"73";"TOLIMA";"270";"FALAN"
"73";"TOLIMA";"275";"FLANDES"
"73";"TOLIMA";"283";"FRESNO"
"73";"TOLIMA";"319";"GUAMO"
"73";"TOLIMA";"347";"HERVEO"
"73";"TOLIMA";"349";"HONDA"
"73";"TOLIMA";"352";"ICONONZO"
"73";"TOLIMA";"408";"LERIDA"
"73";"TOLIMA";"411";"LIBANO"
"73";"TOLIMA";"443";"MARIQUITA"
"73";"TOLIMA";"449";"MELGAR"
"73";"TOLIMA";"461";"MURILLO"
"73";"TOLIMA";"483";"NATAGAIMA"
"73";"TOLIMA";"504";"ORTEGA"
"73";"TOLIMA";"520";"PALOCABILDO"
"73";"TOLIMA";"547";"PIEDRAS"
"73";"TOLIMA";"555";"PLANADAS"
"73";"TOLIMA";"563";"PRADO"
"73";"TOLIMA";"585";"PURIFICACION"
"73";"TOLIMA";"616";"RIOBLANCO"
"73";"TOLIMA";"622";"RONCESVALLES"
"73";"TOLIMA";"624";"ROVIRA"
"73";"TOLIMA";"671";"SALDAÑA"
"73";"TOLIMA";"675";"SAN ANTONIO"
"73";"TOLIMA";"678";"SAN LUIS"
"73";"TOLIMA";"686";"SANTA ISABEL"
"73";"TOLIMA";"770";"SUAREZ"
"73";"TOLIMA";"854";"VALLE DE SAN JUAN"
"73";"TOLIMA";"861";"VENADILLO"
"73";"TOLIMA";"870";"VILLAHERMOSA"
"73";"TOLIMA";"873";"VILLARRICA"
"76";"VALLE DEL CAUCA";"001";"CALI"
"76";"VALLE DEL CAUCA";"020";"ALCALA"
"76";"VALLE DEL CAUCA";"036";"ANDALUCIA"
"76";"VALLE DEL CAUCA";"041";"ANSERMANUEVO"
"76";"VALLE DEL CAUCA";"054";"ARGELIA"
"76";"VALLE DEL CAUCA";"100";"BOLIVAR"
"76";"VALLE DEL CAUCA";"109";"BUENAVENTURA"
"76";"VALLE DEL CAUCA";"111";"GUADALAJARA DE BUGA"
"76";"VALLE DEL CAUCA";"113";"BUGALAGRANDE"
"76";"VALLE DEL CAUCA";"122";"CAICEDONIA"
"76";"VALLE DEL CAUCA";"126";"CALIMA"
"76";"VALLE DEL CAUCA";"130";"CANDELARIA"
"76";"VALLE DEL CAUCA";"147";"CARTAGO"
"76";"VALLE DEL CAUCA";"233";"DAGUA"
"76";"VALLE DEL CAUCA";"243";"EL AGUILA"
"76";"VALLE DEL CAUCA";"246";"EL CAIRO"
"76";"VALLE DEL CAUCA";"248";"EL CERRITO"
"76";"VALLE DEL CAUCA";"250";"EL DOVIO"
"76";"VALLE DEL CAUCA";"275";"FLORIDA"
"76";"VALLE DEL CAUCA";"306";"GINEBRA"
"76";"VALLE DEL CAUCA";"318";"GUACARI"
"76";"VALLE DEL CAUCA";"364";"JAMUNDI"
"76";"VALLE DEL CAUCA";"377";"LA CUMBRE"
"76";"VALLE DEL CAUCA";"400";"LA UNION"
"76";"VALLE DEL CAUCA";"403";"LA VICTORIA"
"76";"VALLE DEL CAUCA";"497";"OBANDO"
"76";"VALLE DEL CAUCA";"520";"PALMIRA"
"76";"VALLE DEL CAUCA";"563";"PRADERA"
"76";"VALLE DEL CAUCA";"606";"RESTREPO"
"76";"VALLE DEL CAUCA";"616";"RIOFRIO"
"76";"VALLE DEL CAUCA";"622";"ROLDANILLO"
"76";"VALLE DEL CAUCA";"670";"SAN PEDRO"
"76";"VALLE DEL CAUCA";"736";"SEVILLA"
"76";"VALLE DEL CAUCA";"823";"TORO"
"76";"VALLE DEL CAUCA";"828";"TRUJILLO"
"76";"VALLE DEL CAUCA";"834";"TULUA"
"76";"VALLE DEL CAUCA";"845";"ULLOA"
"76";"VALLE DEL CAUCA";"863";"VERSALLES"
"76";"VALLE DEL CAUCA";"869";"VIJES"
"76";"VALLE DEL CAUCA";"890";"YOTOCO"
"76";"VALLE DEL CAUCA";"892";"YUMBO"
"76";"VALLE DEL CAUCA";"895";"ZARZAL"
"81";"ARAUCA";"001";"ARAUCA"
"81";"ARAUCA";"065";"ARAUQUITA"
"81";"ARAUCA";"220";"CRAVO NORTE"
"81";"ARAUCA";"300";"FORTUL"
"81";"ARAUCA";"591";"PUERTO RONDON"
"81";"ARAUCA";"736";"SARAVENA"
"81";"ARAUCA";"794";"TAME"
"85";"CASANARE";"001";"YOPAL"
"85";"CASANARE";"010";"AGUAZUL"
"85";"CASANARE";"015";"CHAMEZA"
"85";"CASANARE";"125";"HATO COROZAL"
"85";"CASANARE";"136";"LA SALINA"
"85";"CASANARE";"139";"MANI"
"85";"CASANARE";"162";"MONTERREY"
"85";"CASANARE";"225";"NUNCHIA"
"85";"CASANARE";"230";"OROCUE"
"85";"CASANARE";"250";"PAZ DE ARIPORO"
"85";"CASANARE";"263";"PORE"
"85";"CASANARE";"279";"RECETOR"
"85";"CASANARE";"300";"SABANALARGA"
"85";"CASANARE";"315";"SACAMA"
"85";"CASANARE";"325";"SAN LUIS DE PALENQUE"
"85";"CASANARE";"400";"TAMARA"
"85";"CASANARE";"410";"TAURAMENA"
"85";"CASANARE";"430";"TRINIDAD"
"85";"CASANARE";"440";"VILLANUEVA"
"86";"PUTUMAYO";"001";"MOCOA"
"86";"PUTUMAYO";"219";"COLON"
"86";"PUTUMAYO";"320";"ORITO"
"86";"PUTUMAYO";"568";"PUERTO ASIS"
"86";"PUTUMAYO";"569";"PUERTO CAICEDO"
"86";"PUTUMAYO";"571";"PUERTO GUZMAN"
"86";"PUTUMAYO";"573";"LEGUIZAMO"
"86";"PUTUMAYO";"749";"SIBUNDOY"
"86";"PUTUMAYO";"755";"SAN FRANCISCO"
"86";"PUTUMAYO";"757";"SAN MIGUEL"
"86";"PUTUMAYO";"760";"SANTIAGO"
"86";"PUTUMAYO";"865";"VALLE DEL GUAMUEZ"
"86";"PUTUMAYO";"885";"VILLAGARZON"
"88";"SAN ANDRES";"001";"SAN ANDRES"
"88";"SAN ANDRES";"564";"PROVIDENCIA"
"91";"AMAZONAS";"001";"LETICIA"
"91";"AMAZONAS";"263";"EL ENCANTO"
"91";"AMAZONAS";"405";"LA CHORRERA"
"91";"AMAZONAS";"407";"LA PEDRERA"
"91";"AMAZONAS";430;"LA VICTORIA"
"91";"AMAZONAS";"460";"MIRITI - PARANA"
"91";"AMAZONAS";"530";"PUERTO ALEGRIA"
"91";"AMAZONAS";"536";"PUERTO ARICA"
"91";"AMAZONAS";"540";"PUERTO NARIÑO"
"91";"AMAZONAS";"669";"PUERTO SANTANDER"
"91";"AMAZONAS";"798";"TARAPACA"
"94";"GUAINIA";"001";"INIRIDA"
"94";"GUAINIA";"343";"BARRANCO MINAS"
"94";"GUAINIA";663;"MAPIRIPANA"
"94";"GUAINIA";"883";"SAN FELIPE"
"94";"GUAINIA";"884";"PUERTO COLOMBIA"
"94";"GUAINIA";"885";"LA GUADALUPE"
"94";"GUAINIA";"886";"CACAHUAL"
"94";"GUAINIA";887;"PANA PANA"
"94";"GUAINIA";888;"MORICHAL"
"95";"GUAVIARE";"001";"SAN JOSE DEL GUAVIARE"
"95";"GUAVIARE";"015";"CALAMAR"
"95";"GUAVIARE";"025";"EL RETORNO"
"95";"GUAVIARE";"200";"MIRAFLORES"
"97";"VAUPES";"001";"MITU"
"97";"VAUPES";"161";"CARURU"
"97";"VAUPES";"511";"PACOA"
"97";"VAUPES";"666";"TARAIRA"
"97";"VAUPES";"777";"PAPUNAUA"
"97";"VAUPES";"889";"YAVARATE"
"99";"VICHADA";"001";"PUERTO CARREÑO"
"99";"VICHADA";"524";"LA PRIMAVERA"
"99";"VICHADA";"624";"SANTA ROSALIA"
"99";"VICHADA";"773";"CUMARIBO"